Frequency Band,Mean Value
Theta,1.7165226858890346e-12
Alpha,6.835002863221536e-13
Beta,3.098522864379257e-13
