Frequency Band,Mean Value
Theta,1.3651020405763294e-12
Alpha,5.665418248101272e-13
Beta,2.468528039489876e-13
