Frequency Band,Mean Value
Theta,1.093352659784732e-12
Alpha,7.298176240860568e-13
Beta,1.664935702472237e-13
