Frequency Band,Mean Value
Theta,5.56686722685546e-12
Alpha,1.0404733492223935e-12
Beta,2.693361975793049e-13
