Frequency Band,Mean Value
1,1.1923076923098082
2,1.1923076923083626
Post,1.192307692308526
Pre,1.1923076923083045
